"County","Court","Record Search URL","Main URL"
"Adams","Adams County Court","https://www.adamscountycourts.com/searchSelect.php","https://www.adamscountycourts.com/CountyCourt/home/"
"Adams","Adams County Court of Common Pleas","https://www.adamscountycourts.com/recordSearch.php?k=searchForm0104","https://adamscountycourts.com/CommonPleasCourt/home/"
"Allen","Allen County Court of Common Pleas, Domestic Relations Division","https://courtvweb.allencountyohio.com/eservices/login.page","https://www.allencountyohio.com/court-system/domestic-relations/"
"Allen","Allen County Court of Common Pleas, General Division","https://courtvweb.allencountyohio.com/eservices/login.page","https://www.allencountyohio.com/court-system/common-pleas/"
"Allen","Allen County Court of Common Pleas, Juvenile and Probate Divisions","https://courtvweb.allencountyohio.com/eservices/home.page.4","http://www.allenohiojuvenile.com/"
"Allen","Lima Municipal Court","http://www.limamunicipalcourt.org/","http://www.limamunicipalcourt.org/"
"Ashland","Ashland County Court of Common Pleas, General & Domestic Relations Divisions","https://www.ashlandcountycpcourt.org/eservices/home.page.2","http://www.ashlandcommonpleas.com/"
"Ashland","Ashland County Court of Common Pleas, Juvenile Division","","https://www.ashlandcounty.org/juvenilecourt/"
"Ashland","Ashland County Court of Common Pleas, Probate Division","https://acjuvenileprobate.org/recordSearch.php?k=searchForm0303","https://www.ashlandcounty.org/juvenilecourt/"
"Ashland","Ashland Municipal Court","https://www.govrec.com/home/ashlandcioh","http://www.ashlandmunicourt.com/"
"Ashtabula","Ashtabula County Court, Eastern Division","","http://courts.co.ashtabula.oh.us/eastern_county_court.htm"
"Ashtabula","Ashtabula County Court of Common Pleas, General & Domestic Relations Divisions","https://eservices.ashtabulacourts.com/eservices/home.page.2","http://courts.co.ashtabula.oh.us/"
"Ashtabula","Ashtabula County Court of Common Pleas, Juvenile Division","","http://courts.co.ashtabula.oh.us/juvenile_court.htm"
"Ashtabula","Ashtabula County Court of Common Pleas, Probate Division","","http://courts.co.ashtabula.oh.us/probate_court.htm"
"Ashtabula","Ashtabula County Court, Western Division","","http://courts.co.ashtabula.oh.us/western_county_court.htm"
"Ashtabula","Ashtabula Municipal Court","https://casesearch.ashtabulamunicourt.com:8443/access","http://www.ashtabulamunicourt.com/"
"Ashtabula","Conneaut Municipal Court","https://web1.civicacmi.com/ConneautMC/","http://www.conneautohio.gov/departments/conneaut_municipal_court/index.php"
"Athens","Athens County Court of Common Pleas, General and Domestic Relations Divisions","https://eservices.athenscommonpleas.com/eservices/home.page.2","http://www.co.athensoh.org/departments/common_pleas_court.php"
"Athens","Athens County Court of Common Pleas, Juvenile Division","https://www.athenscountypjcourt.com/recordSearch.php?k=searchForm0503","https://www.athenscountypjcourt.com/"
"Athens","Athens County Court of Common Pleas, Probate Division","https://www.athenscountypjcourt.com/recordSearch.php?k=searchForm0503","https://www.athenscountypjcourt.com/"
"Athens","Athens County Municipal Court","https://eservices.ci.athens.oh.us/eservices/home.page.2","http://www.ci.athens.oh.us/index.aspx?NID=108"
"Auglaize","Auglaize County Court of Common Pleas","https://www.auglaizecounty.org/eservicesCRTV/home.page.2","https://www2.auglaizecounty.org/courts/court-common-pleas-criminal-and-civil-divisions"
"Auglaize","Auglaize County Municipal Court","https://www.auglaizecounty.org/eservicesMUNI/home.page.2","https://www2.auglaizecounty.org/courts/municipal-court"
"Belmont","Belmont County Court of Common Pleas, General & Domestic Relations Divisions","https://eservices.belmontcountycourts.com/eservices/home.page.2","http://belmontcountycommonpleas.org/"
"Belmont","Belmont County Court of Common Pleas, Juvenile & Probate Divisions","https://eservices.belmontcountycourts.com/eservices/home.page.2","http://belmontcountyjuvenilecourt.com/"
"Belmont","Belmont County Court, Northern, Eastern, & Western Divisions","https://eservices.belmontcountycourts.com/eservices/home.page.2","http://www.belmontcountycourts.com/"
"Brown","Brown County Court of Common Pleas, General & Domestic Relations Divisions","https://clerkofcourtsbrowncountyohio.org/recordSearch.php?k=searchForm0801","http://browncountyohiocommonpleascourt.us/"
"Brown","Brown County Court of Common Pleas, Juvenile Division","","https://browncountyprobatejuvenilecourt.com/juvenile-court/"
"Brown","Brown County Court of Common Pleas, Probate Division","","https://browncountyprobatejuvenilecourt.com/probate-court/"
"Brown","Brown County Municipal Court","https://www.clerkofcourtsbrowncountyohio.org/recordSearch.php?k=searchForm0810","https://www.clerkofcourtsbrowncountyohio.org/homeMC.php"
"Butler","Butler County Area Courts I, II, and III","https://docket.bcohio.gov/","https://areacourts.bcohio.gov/"
"Butler","Butler County Court of Common Pleas, Domestic Relations Division","https://clerkservices.bcohio.gov/eservices/home.page.2","https://drcourt.bcohio.gov/"
"Butler","Butler County Court of Common Pleas, General Division","https://clerkservices.bcohio.gov/eservices/home.page.2","https://commonpleascourt.bcohio.gov/"
"Butler","Butler County Court of Common Pleas, Juvenile Division","https://clerkservices.bcohio.gov/eservices/home.page.2","https://juvenilejusticecenter.bcohio.gov/"
"Butler","Butler County Court of Common Pleas, Probate Division","https://probatecourt.bcohio.gov/recordSearch.php?k=searchForm0909","https://probatecourt.bcohio.gov/"
"Butler","Fairfield Municipal Court","https://eservices.fairfield-city.org/eservices/home.page.2","http://www.fairfield-city.org/316/Municipal-Court"
"Butler","Hamilton Municipal Court","https://caselook.hamilton-oh.gov/disclaimer/0921","https://court.hamilton-oh.gov/"
"Butler","Middletown Municipal Court","https://caselook.middletownmunicipalcourt.org/disclaimer/0922","https://www.cityofmiddletown.org/284/Municipal-Court"
"Carroll","Carroll County Court of Common Pleas, General & Domestic Relations Divisions","https://carrollcountyclerk.org/eservices/home.page.2","http://carrollcountyohio.us/agencies-and-departments/courts/court-of-common-pleas/"
"Carroll","Carroll County Court of Common Pleas, Probate & Juvenile Divisions","http://www.carrollprobatejuvenilecourt.com/recordSearch.php","http://www.carrollprobatejuvenilecourt.com/"
"Carroll","Carroll County Municipal Court","https://www.carrollcountycourt.org/recordSearch.php","http://www.carrollcountycourt.org/"
"Champaign","Champaign County Court of Common Pleas, General Division","https://eservices.champaignclerk.com/eservices/home.page.2","http://www.champaigncourt.org/190/Home"
"Champaign","Champaign County Family Court","https://eservices.champaigncountyfamilycourt.com/eservices/home.page.2","http://www.ccfamct.us/"
"Champaign","Champaign County Municipal Court","https://web1.civicacmi.com/ChampaignCoMC/Court/Default.aspx","http://www.champaigncountymunicipalcourt.com/"
"Clark","Clark County Court of Common Pleas, Domestic Relations Division, Adult Section","https://eservices.clarkcountyohiocourt.com/eservices/home.page.2","http://www.clarkcountyohio.gov/index.aspx?nid=93"
"Clark","Clark County Court of Common Pleas, Domestic Relations Division, Juvenile Section","https://eservices.clarkcountyohiocourt.com/eservices/home.page.2","https://www.clarkohiojuvcourt.us/"
"Clark","Clark County Court of Common Pleas, General Division","https://eservices.clarkcountyohiocourt.com/eservices/home.page.2","http://www.clarkcountyohio.gov/index.aspx?nid=93"
"Clark","Clark County Court of Common Pleas, Probate Division","https://probate.clarkcountyohio.gov/recordSearch.php?k=searchForm1203","http://www.probate.clarkcountyohio.gov/"
"Clark","Clark County Municipal Court","https://clerkofcourts.municipal.co.clark.oh.us/web.nsf/CaseSearch?OpenForm","https://clarkcountymunicipalcourt.org/"
"Clermont","Clermont County Court of Common Pleas, Domestic Relations Division","","http://www.domesticcourt.org/"
"Clermont","Clermont County Court of Common Pleas, General Division","https://eservices.clermontclerk.org/commonpleas/home.page.2","http://www.clermontcommonpleas.com/"
"Clermont","Clermont County Court of Common Pleas, Juvenile Division","https://juvenile.clermontclerk.org/eservices/home.page.2","https://probatejuvenile.clermontcountyohio.gov/"
"Clermont","Clermont County Court of Common Pleas, Probate Division","https://eservices.clermontclerk.org/probate/home.page.3","https://probatejuvenile.clermontcountyohio.gov/"
"Clermont","Clermont County Municipal Court","https://www.clermontclerk.org/case_access.html","https://municipal.clermontcountyohio.gov/"
"Clinton","Clinton County Court of Common Pleas, General & Domestic Relations Divisions","https://www.clintoncountycourts.org/recordSearch.php?k=acceptAgreementsearchForm1404","http://www.clintoncountycourts.org/CommonPleasCourt/home/"
"Clinton","Clinton County Court of Common Pleas, Juvenile Division","","http://www.clintoncountycourts.org/JuvenileCourt/home/"
"Clinton","Clinton County Court of Common Pleas, Probate Division","https://www.clintoncountycourts.org/recordSearch.php?k=searchForm1403","http://www.clintoncountycourts.org/ProbateCourt/home/"
"Clinton","Clinton County Municipal Court","https://www.clintonmunicourt.org/recordSearch.php","http://www.clintonmunicourt.org/"
"Columbiana","Columbiana County Court of Common Pleas, General & Domestic Relations Divisions","https://courts.ccclerk.org/benchmarkweb/Home.aspx/Search","https://www.ccclerk.org/common-pleas-court-2"
"Columbiana","Columbiana County Court of Common Pleas, Juvenile Division","","http://www.ccjcourt.com/"
"Columbiana","Columbiana County Court of Common Pleas, Probate Division","https://caselook.ccclerk.org/disclaimer/1503",""
"Columbiana","Columbiana County Municipal Court","https://courts.ccclerk.org/benchmarkwebmuni/Home.aspx/Search","https://www.ccclerk.org/municipal-court"
"Columbiana","East Liverpool Municipal Court","http://www.elcourt.org/eservices/home.page.2;jsessionid=DE55505CEE672DA4948A74A2C330CA85","http://www.elcourt.org/"
"Coshocton","Coshocton County Court of Common Pleas, Domestic Relations Division","https://eservices.coshoctoncourt.com/eservices/home.page.2","http://www.commonpleas.coshoctoncounty.us/domesticgeneralinfo.php"
"Coshocton","Coshocton County Court of Common Pleas, General Division","https://eservices.coshoctoncourt.com/eservices/home.page.2","http://www.commonpleas.coshoctoncounty.us/"
"Coshocton","Coshocton County Court of Common Pleas, Probate and Juvenile Divisions","https://probate.coshoctoncounty.net/","https://www.coshoctoncounty.net/probate/"
"Coshocton","Coshocton County Court of Common Pleas, Juvenile Division","https://probate.coshoctoncounty.net/recordSearch.php?k=searchForm1602","https://www.coshoctoncounty.net/probate/juvenile-court/"
"Coshocton","Coshocton Municipal Court","https://www.coshoctonmunicipalcourt.com/recordSearch.php","http://www.coshoctonmunicipalcourt.com/"
"Crawford","Crawford County Court of Common Pleas, General & Domestic Relations Divisions","https://caselook.crawford-co.org/disclaimer/1701","http://www.crawfordcocpcourt.org/"
"Crawford","Crawford County Court of Common Pleas, Juvenile Division","",""
"Crawford","Crawford County Court of Common Pleas, Probate Division","",""
"Crawford","Crawford County Municipal Court","https://crawfordcountymuni.org/recordSearch.php?searchForm=1720","http://www.crawfordcountymuni.org/"
"Cuyahoga","Bedford Municipal Court","https://www.bedfordmuni.org/info/index/5","http://www.bedfordmuni.org/"
"Cuyahoga","Berea Municipal Court","http://www.bereamunicourt.org/info.asp?pageId=5","http://www.bereamunicipalcourt.org/"
"Cuyahoga","Cleveland Heights Municipal Court","https://caselook.clevelandheightscourt.com/disclaimer/1823","http://www.clevelandheightscourt.com/"
"Cuyahoga","Cleveland Municipal Court","https://clevelandmunicipalcourt.org/public-access","http://clevelandmunicipalcourt.org/home.html"
"Cuyahoga","Cleveland Municipal Housing Court","","http://www.clevelandhousingcourt.org/"
"Cuyahoga","Cuyahoga County Court of Common Pleas, Domestic Relations Division","https://cpdocket.cp.cuyahogacounty.gov/tos.aspx?utm_source=Clerk_of_Courts&utm_medium=Link&utm_campaign=Primary_CTA&utm_content=Case_Docket","https://domestic.cuyahogacounty.gov/court-rules/local-rules"
"Cuyahoga","Cuyahoga County Court of Common Pleas, General Division","https://cpdocket.cp.cuyahogacounty.gov/tos.aspx?utm_source=Clerk_of_Courts&utm_medium=Link&utm_campaign=Primary_CTA&utm_content=Case_Docket","http://cp.cuyahogacounty.us/internet/index.aspx"
"Cuyahoga","Cuyahoga County Court of Common Pleas, Juvenile Division","","https://juvenile.cuyahogacounty.gov/"
"Cuyahoga","Cuyahoga County Court of Common Pleas, Probate Division","https://probate.cuyahogacounty.gov/pa/","http://probate.cuyahogacounty.us/"
"Cuyahoga","East Cleveland Municipal Court","http://caseinfo.eccourt.com/search/searchdocket.asp","http://www.eccourt.com/"
"Cuyahoga","Euclid Municipal Court","https://www.innovaresolutions.com/euclid/index.asp","https://www.euclidmunicourt.com/"
"Cuyahoga","Garfield Heights Municipal Court","https://docket.ghmc.org/","https://www.ghmc.org/"
"Cuyahoga","Lakewood Municipal Court","https://caselook.lakewoodcourtoh.gov/disclaimer/1827","http://www.lakewoodcourtoh.com/"
"Cuyahoga","Lyndhurst Municipal Court","https://caselook.lyndhurstmunicipalcourt.org/disclaimer/1828","http://www.lyndhurstmunicipalcourt.org/"
"Cuyahoga","Parma Municipal Court","https://parmamunicourt.org/info/index/5","http://parmamunicourt.org/"
"Cuyahoga","Rocky River Municipal Court","https://rrcourt.net/pa.htm","http://rrcourt.net/"
"Cuyahoga","Shaker Heights Municipal Court","https://www.shakerheightscourt.org/info/index/400","https://www.shakerheightscourt.org/"
"Cuyahoga","South Euclid Municipal Court","https://southeuclidcourt.com/case-look-up/","http://southeuclidcourt.com/"
"Darke","Darke County Court of Common Pleas, General & Domestic Relations Divisions","http://70.62.18.22/eservices/home.page.2;jsessionid=B45FB035533FB9D9489897AF1CD80C56","http://darkecountycommonpleas.com/"
"Darke","Darke County Court of Common Pleas, Juvenile Division","","http://www.darkeprobatejuvenile.org/index.php"
"Darke","Darke County Court of Common Pleas, Probate Division","https://www.darkeprobatejuvenile.org/recordSearch.php?k=searchForm1903","http://www.darkeprobatejuvenile.org/"
"Darke","Darke County Municipal Court","http://70.62.18.22/eservices/home.page.2;jsessionid=1F0665E57F56F619346D6C97C3C2909A","https://darkecourts.com/"
"Defiance","Defiance County Court of Common Pleas, General & Domestic Relations Divisions","https://eservices.defianceohcountycourts.org/eservices/home.page.2","http://www.defiance-county.com/common-pleas-court"
"Defiance","Defiance County Court of Common Pleas, Juvenile Division","","http://www.defiance-county.com/probate-and-juvenile-court/index.php"
"Defiance","Defiance County Court of Common Pleas, Probate Division","https://apps.defiance-county.com/recordSearch.php?k=searchForm2003","http://www.defiance-county.com/probate-and-juvenile-court/index.php"
"Defiance","Defiance Municipal Court","https://www.defiancemunicipalcourt.com/recordSearch.php","https://www.defiancemunicipalcourt.com/"
"Delaware","Delaware County Court of Common Pleas, Domestic Relations Division","https://court.co.delaware.oh.us/eservices/home.page.2","https://domestic.co.delaware.oh.us/"
"Delaware","Delaware County Court of Common Pleas, General Division","https://court.co.delaware.oh.us/eservices/home.page.2","https://commonpleas.co.delaware.oh.us/"
"Delaware","Delaware County Court of Common Pleas, Juvenile Division","","http://www.co.delaware.oh.us/court/juvenile/"
"Delaware","Delaware County Court of Common Pleas, Probate Division","https://court.co.delaware.oh.us/eservices/home.page.2","https://probate.co.delaware.oh.us/"
"Delaware","Delaware Municipal Court","https://connect.municipalcourt.org/AWC/court/","http://www.municipalcourt.org/"
"Erie","Erie County Court of Common Pleas, Domestic Relations Division","https://clerkofcourts.eriecounty.oh.gov/eservices/home.page.2","https://www.eriecounty.oh.gov/DomesticRelationsDivision.aspx"
"Erie","Erie County Court of Common Pleas, General Division","https://clerkofcourts.eriecounty.oh.gov/eservices/home.page.2","https://www.eriecounty.oh.gov/GeneralDivision.aspx"
"Erie","Erie County Court of Common Pleas, Juvenile Division","","https://www.eriecounty.oh.gov/JuvenileCourt.aspx"
"Erie","Erie County Court of Common Pleas, Probate Division","https://probaterecords.eriecounty.oh.gov/recordSearch.php?k=searchForm2203","https://probaterecords.eriecounty.oh.gov/"
"Erie","Erie County Municipal Court","https://www.eriecounty.oh.gov/RecordSearch.aspx","https://www.eriecounty.oh.gov/municipalcourt.aspx"
"Erie","Huron Municipal Court","https://www.huronmunicourt.us/recordSearch.php","http://www.huronmunicourt.us/"
"Erie","Sandusky Municipal Court","https://www.sanduskymunicipalcourt.org/recordSearch.php?k=searchForm2220","http://www.sanduskymunicipalcourt.org/"
"Erie","Vermilion Municipal Court","https://www.vermilionmunicipalcourt.org/recordSearch.php","http://www.vermilionmunicipalcourt.org/"
"Fairfield","Fairfield County Court of Common Pleas, Domestic Relations Division","https://eservices.fairfieldcountycpcourt.org/eservices/home.page.2","http://www.co.fairfield.oh.us/dr/"
"Fairfield","Fairfield County Court of Common Pleas, General Division","https://eservices.fairfieldcountycpcourt.org/eservices/home.page.2","http://www.co.fairfield.oh.us/Commonpleas/"
"Fairfield","Fairfield County Court of Common Pleas, Juvenile Division","","http://www.fairfieldcountyprobate.com/"
"Fairfield","Fairfield County Court of Common Pleas, Probate Division","https://www.fairfieldcountyprobate.com/ff-Probate-Records-Search-Form.html","http://www.fairfieldcountyprobate.com/"
"Fairfield","Fairfield County Municipal Court","https://www.fcmcourt.org/dockets_case_search","http://www.fcmcourt.org/default.aspx"
"Fayette","Fayette County Court of Common Pleas, Domestic Relations Division","https://courts.fayette-co-oh.com/","https://www.fayette-co-oh.com/268/Domestic-Relations-Court"
"Fayette","Fayette County Court of Common Pleas, General Division","https://courts.fayette-co-oh.com/","https://www.fayette-co-oh.com/267/Common-Pleas-Court"
"Fayette","Fayette County Court of Common Pleas, Juvenile Division","","https://www.fayette-co-oh.com/269/Juvenile-Court"
"Fayette","Fayette County Court of Common Pleas, Probate Division","","https://www.fayette-co-oh.com/272/Probate-Court"
"Fayette","Washington Courthouse Municipal Court","https://caselook.cityofwchmunicipalcourt.com/disclaimer/2420","http://74.219.179.50/"
"Franklin","Franklin County Court of Common Pleas, Domestic Relations Division","https://fcdcfcjs.co.franklin.oh.us/CaseInformationOnline/","https://drj.fccourts.org/Home"
"Franklin","Franklin County Court of Common Pleas, General Division","https://fcdcfcjs.co.franklin.oh.us/CaseInformationOnline/","https://www.fccourts.org/"
"Franklin","Franklin County Court of Common Pleas, Juvenile Division","","https://drj.fccourts.org/Home"
"Franklin","Franklin County Court of Common Pleas, Probate Division","https://probate.franklincountyohio.gov/record-search/general-case-index","http://probate.franklincountyohio.gov/"
"Franklin","Franklin County Municipal Court","https://www.fcmcclerk.com/case/search","https://www.franklincountymunicourt.org/"
"Fulton","Fulton County Court of Common Pleas, General & Domestic Relations Divisions","https://pa.fultoncountyoh.com/","http://www.fultoncountyoh.com/index.aspx?nid=208"
"Fulton","Fulton County Court of Common Pleas, Juvenile Division","","https://www.fultoncountyoh.com/664/Juvenile"
"Fulton","Fulton County Court of Common Pleas, Probate Division","http://216.255.24.132:8888/recordSearch.php","https://www.fultoncountyoh.com/271/Probate-Court"
"Fulton","Fulton County Court, Eastern District","https://pa.fultoncountyoh.com/","https://www.fultoncountyoh.com/211/Eastern-District-Court"
"Fulton","Fulton County Court Western District","https://pa.fultoncountyoh.com/","https://www.fultoncountyoh.com/514/Western-District-Court"
"Gallia","Gallia County Court of Common Pleas, General & Domestic Divisions","https://eaccess.gallianet.net/eservices/home.page.2","http://gallianet.net/index.php/justice-departments/common-pleas-court/general-information"
"Gallia","Gallia County Court of Common Pleas, Probate & Juvenile Divisions","https://jaccess.gallianet.net/recordSearch.php?k=searchForm2703","http://gallianet.net/index.php/justice-departments/juvenile-probate-court/court-information"
"Gallia","Gallipolis Municipal Court","https://gmcourt.org/recordSearch.php?k=searchForm2720","http://gmcourt.org/"
"Geauga","Chardon Municipal Court","https://municourt.co.geauga.oh.us/eservices/home.page.2","https://chardonmunicipalcourt.com/"
"Geauga","Geauga County Court of Common Pleas, Domestic Relations Division","https://web.geaugacourts.org/eservicesCP/home.page.2","https://courts.geauga.oh.gov/general-division/domestic-relations/"
"Geauga","Geauga County Court of Common Pleas, General Division","https://web.geaugacourts.org/eservicesCP/home.page.2","https://courts.geauga.oh.gov/general-division/"
"Geauga","Geauga County Court of Common Pleas, Juvenile Division","","https://geaugapjcourt.org/"
"Geauga","Geauga County Court of Common Pleas, Probate Division","https://geaugapjcourt.com/eservices/","https://geaugapjcourt.org/"
"Greene","Greene County Court of Common Pleas, Domestic Relations Division","https://courts.greenecountyohio.gov/eservices/search.page.2?x=fSdm8D0fAtzVDw7PMeNOzw","https://www.greenecountyohio.gov/415/Domestic-Relations-Court"
"Greene","Greene County Court of Common Pleas, General Division","https://courts.greenecountyohio.gov/eservices/search.page.2?x=fSdm8D0fAtzVDw7PMeNOzw","https://www.greenecountyohio.gov/402/Common-Pleas-Court"
"Greene","Greene County Court of Common Pleas, Juvenile Division","","https://www.greenecountyohio.gov/431/Juvenile-Court"
"Greene","Greene County Court of Common Pleas, Probate Division","https://courts.greenecountyohio.gov/probatejw/home.page.2","https://www.greenecountyohio.gov/447/Probate-Court"
"Greene","Fairborn Municipal Court","https://www.fairbornmunicipalcourt.us/search.php","http://www.fairbornmunicipalcourt.us/"
"Greene","Xenia Municipal Court","https://eaccess.ci.xenia.oh.us/eservices/home.page.2","http://www.ci.xenia.oh.us/238/Municipal-Court"
"Guernsey","Cambridge Municipal Court","https://caselook.cambridgemunicipalcourt.com/disclaimer/3020","http://www.cambridgeoh.org/court"
"Guernsey","Guernsey County Court of Common Pleas, Domestic Relations Division","https://clerkofcourts.guernseycounty.org/eservices/home.page.2","http://www.guernseycounty.org/common-pleas-court/common-pleas/domestic-relations-division/"
"Guernsey","Guernsey County Court of Common Pleas, General Division","https://clerkofcourts.guernseycounty.org/eservices/home.page.2","http://guernseycounty.org/common-pleas-court/"
"Guernsey","Guernsey County Court of Common Pleas, Juvenile Division","","http://www.guernseycounty.org/common-pleas-court/juvenile-court/"
"Guernsey","Guernsey County Court of Common Pleas, Probate Division","https://clerkofcourts.guernseycounty.org/eservices/home.page.2","http://www.guernseycounty.org/common-pleas-court/probate/"
"Hamilton","Hamilton County Court of Common Pleas, Domestic Relations Division","https://www.courtclerk.org/records-search/","http://www.hamilton-co.org/domestic"
"Hamilton","Hamilton County Court of Common Pleas, General Division","https://www.courtclerk.org/records-search/","http://hamiltoncountycourts.org/index.php/common-pleas"
"Hamilton","Hamilton County Court of Common Pleas, Juvenile Division","","https://juvenile-court.org/"
"Hamilton","Hamilton County Court of Common Pleas, Probate Division","https://www.probatect.org/court-records/court-record-search","http://www.probatect.org/"
"Hamilton","Hamilton County Municipal Court","https://www.courtclerk.org/records-search/name/","http://hamiltoncountycourts.org/index.php/municipal/"
"Hancock","Hancock County Court of Common Pleas, General & Domestic Relations Divisions","https://courtsvc.co.hancock.oh.us/eservices/home.page.2","http://cp.co.hancock.oh.us/"
"Hancock","Hancock County Court of Common Pleas, Juvenile Division","","https://www.co.hancock.oh.us/181/Juvenile-Court"
"Hancock","Hancock County Court of Common Pleas, Probate Division","https://www.co.hancock.oh.us/196/Record-Search","https://www.co.hancock.oh.us/191/Probate-Court"
"Hancock","Findlay Municipal Court","https://www.findlayohio.gov/government/municipal-court/case-search-daily-docket/case-search-daily-docket-links","https://www.findlayohio.com/government/municipal-court"
"Hardin","Hardin County Court of Common Pleas, General & Domestic Relations Divisions","https://www.hardincourts.com/recordSearch.php","http://www.hardincourts.com/CPSite/"
"Hardin","Hardin County Court of Common Pleas, Juvenile Division","","http://hardincountyjuvenilecourt.com/"
"Hardin","Hardin County Court of Common Pleas, Probate Division","http://hardincourts.com:8888/recordSearch","http://hardincountyprobatecourt.com/"
"Hardin","Hardin County Municipal Court","https://www.hardincourts.com/recordSearch.php?k=searchForm3320","http://www.hardincourts.com/MCSite/"
"Harrison","Harrison County Court of Common Pleas, General & Domestic Relations Divisions","http://208.79.141.22:8889/recordSearch.php","http://www.harrisoncountyohio.org/common-pleas-court/"
"Harrison","Harrison County Court of Common Pleas, Juvenile Division","","http://www.harrisoncountyohio.org/juvenile-court/"
"Harrison","Harrison County Court of Common Pleas, Probate Division","","http://www.harrisoncountyohio.org/probate/"
"Harrison","Harrison County Court","https://caselook.harrisonccohio.com/disclaimer/3410","http://www.harrisoncountyohio.org/court"
"Henry","Henry County Court of Common Pleas, General Division","https://eservices.henrycountyohio.gov/eservices/home.page.2","https://www.henrycountyohio.gov/258/Probate-General-Divisions"
"Henry","Henry County Court of Common Pleas, Juvenile Division","","http://www.henrycountyfamilycourt.com/"
"Henry","Henry County Court of Common Pleas, Probate Division","","https://www.henrycountyohio.gov/258/Probate-General-Divisions"
"Henry","Napoleon Municipal Court","https://www.napoleonmunicipalcourt.com/recordSearch.php","http://www.napoleonmunicipalcourt.com/"
"Highland","Highland County Court of Common Pleas, General & Domestic Relations Divisions","https://eaccess.hccpc.org/eservices/home.page.2","https://www.hccpc.org/index"
"Highland","Highland County Court of Common Pleas, Juvenile Division","https://highlandjpcourt.com/recordSearch.php?k=searchForm3602","https://highlandjpcourt.com/"
"Highland","Highland County Court of Common Pleas, Probate Division","https://highlandjpcourt.com/recordSearch.php?k=searchForm3602","https://highlandjpcourt.com/"
"Highland","Highland County Court","https://countycourtgreenfield.com/recordSearch.php?k=searchForm3621","https://countycourtgreenfield.com/index.php"
"Highland","Hillsboro Municipal Court","http://24.123.13.34/","https://www.hillsboroohio.net/department/index.php?structureid=39"
"Hocking","Hocking County Court of Common Pleas, General & Domestic Relations Divisions","https://cpsearch.co.hocking.oh.us/eservices/home.page.2","http://www.hockingcountycommonpleascourt.com/"
"Hocking","Hocking County Court of Common Pleas, Juvenile Division","https://juvenile.hocking.us/recordSearch.php?k=searchForm3703","https://juvenile.hocking.us/"
"Hocking","Hocking County Court of Common Pleas, Probate Division","https://juvenile.hocking.us/recordSearch.php?k=searchForm3703","https://juvenile.hocking.us/"
"Hocking","Hocking County Municipal Court","https://municipal.hocking.oh.gov/Home.aspx/Search","https://hocking.oh.gov/municipalcourt"
"Holmes","Holmes County Court of Common Pleas, General & Domestic Relations Divisions","https://courts.co.holmes.oh.us/eservices/home.page.2","https://www.co.holmes.oh.us/common-pleas-court-overview"
"Holmes","Holmes County Court of Common Pleas, Juvenile Division","","http://co.holmes.oh.us/juvenile-court-overview"
"Holmes","Holmes County Court of Common Pleas, Probate Division","https://courts.co.holmes.oh.us/eservices/home.page.3","http://co.holmes.oh.us/probate-court-overview"
"Holmes","Holmes County Municipal Court","","http://www.co.holmes.oh.us/municipal-court-overview"
"Huron","Huron County Court of Common Pleas, General & Domestic Relations Divisions","https://apps.huroncountyclerk.com/","http://www.huroncountycommonpleas.org/"
"Huron","Huron County Court of Common Pleas, Juvenile Division","","http://www.hcjpc.com/clerk.php"
"Huron","Huron County Court of Common Pleas, Probate Division","https://eservices.hcjpc.com/eservices/home.page.2?x=spAXE9M2q3kTw2Rkrck2RA","http://www.hcjpc.com/probate.php"
"Huron","Huron Municipal Court","https://www.huronmunicourt.us/recordSearch.php","http://www.huronmunicourt.us/"
"Huron","Norwalk Municipal Court","https://www.norwalkmunicourt.com/recordSearch.php?k=searchForm3921","http://www.norwalkmunicourt.com/"
"Jackson","Jackson County Court of Common Pleas, General & Domestic Relations Divisions","https://eservices.jacksonohcountycourts.org/eservices/home.page.2","http://www.jacksoncountyohio.us/elected-officials/common-pleas-court/"
"Jackson","Jackson County Court of Common Pleas, Juvenile Division","","http://jcjuvenilecourt.com/"
"Jackson","Jackson County Court of Common Pleas, Probate Division","https://eservices.jacksonohcountycourts.org/eservices/home.page.2","http://jcprobatecourt.com/"
"Jackson","Jackson County Municipal Court","https://www.jacksoncountymunicipalcourt.com/recordSearch.php","http://www.jacksoncountymunicipalcourt.com/"
"Jefferson","Jefferson County Court of Common Pleas, General & Domestic Relations Divisions","https://eservices.jeffersoncountyoh.com/eservices/home.page.2","http://www.jeffersoncountyoh.com/CountyCourts/CommonPleas.aspx"
"Jefferson","Jefferson County Court of Common Pleas, Probate Division","https://probate.jeffersoncountyoh.com/eservices/home.page.2","https://jeffersoncountyprobatejuvenile.com/"
"Jefferson","Jefferson County Court District I, II, and III","https://jeffersoncountyoh.com/court/case-lookup-and-payments","https://jeffersoncountyoh.com/"
"Jefferson","Steubenville Municipal Court","https://web1.civicacmi.com/Steubenville/Court/Default.aspx","https://www.cityofsteubenville.us/government/municipal_court/index.php"
"Jefferson","Jefferson County Court of Common Pleas, Juvenile Division","","https://jeffersoncountyprobatejuvenile.com/"
"Knox","Knox County Court of Common Pleas, General & Domestic Relations Divisions","https://www.clerkofcourts.co.knox.oh.us/eservices/home.page.2","http://www.co.knox.oh.us/commonpleascourt/"
"Knox","Knox County Court of Common Pleas, Juvenile Division","","http://knoxpjcourt.com/"
"Knox","Knox County Court of Common Pleas, Probate Division","https://knoxpjcourt.com/recordSearch.php?k=searchForm4203","http://knoxpjcourt.com/"
"Knox","Mount Vernon Municipal Court","https://web1.civicacmi.com/MtVernonMC/Court/Default.aspx","http://www.mountvernonmunicipalcourt.org/"
"Lake","Lake County Court of Common Pleas, General Division","https://phoenix.lakecountyohio.gov/eservices/home.page.2","https://www.lakecountyohio.gov/common-pleas/"
"Lake","Lake County Court of Common Pleas, Domestic Relations Division","https://phoenix.lakecountyohio.gov/eservices/home.page.2","https://lcdrct.org/"
"Lake","Lake County Court of Common Pleas, Juvenile Division","","https://juvenile.lakecountyohio.gov/"
"Lake","Lake County Court of Common Pleas, Probate Division","https://phoenix.lakecountyohio.gov/jwprobate/home.page","https://www.lakecountyohio.gov/probate-court/"
"Lake","Mentor Municipal Court","https://www.mentormunicipalcourt.org/recordSearch.php?k=searchForm4322","http://www.mentormunicipalcourt.org/"
"Lake","Painesville Municipal Court","https://www.pmcourt.com/recordSearch.php?k=searchForm4320","http://www.pmcourt.com/"
"Lake","Willoughby Municipal Court","https://benchmark.willoughbycourt.com/Home.aspx/Search","http://www.willoughbycourt.com/"
"Lawrence","Lawrence County Court of Common Pleas, General & Domestic Relations Divisions","https://eservices.lawrencecountyclerk.com/eservices/home.page.2","https://www.lawcocp.us/"
"Lawrence","Lawrence County Court of Common Pleas, Juvenile Division","",""
"Lawrence","Lawrence County Court of Common Pleas, Probate Division","https://lawrenceohiopjc.org/recordSearch.php?k=searchForm4403",""
"Lawrence","Ironton Municipal Court","https://www.irontonmuni.com/recordSearch.php?k=searchForm4420","http://www.irontonmuni.com/"
"Lawrence","Lawrence County Municipal Court","https://www.lawcomunicourt.com/recordSearch.php?k=searchForm4410","http://www.lawcomunicourt.com/"
"Licking","Licking County Court of Common Pleas, Domestic Relations Division","https://researchoh.tylerhost.net/CourtRecordsSearch/ui/county/LickingCaseSearch","http://www.lcounty.com/depts/domestic/default.htm"
"Licking","Licking County Court of Common Pleas, General Division","https://researchoh.tylerhost.net/CourtRecordsSearch/ui/county/LickingCaseSearch","https://lickingcounty.gov/depts/pleas/default.htm"
"Licking","Licking County Court of Common Pleas, Juvenile Division","","https://www.lcounty.com/depts/probate/default.htm"
"Licking","Licking County Court of Common Pleas, Probate Division","https://pjc-portal.lickingcounty.gov/recordSearch.php?k=acceptAgreementsearchForm4503","https://www.lcounty.com/depts/probate/default.htm"
"Licking","Licking County Municipal Court","https://connection.lcmunicipalcourt.com/awc/Court/Default.aspx","http://www.lcmunicipalcourt.com/"
"Logan","Bellefontaine Municipal Court","https://web1.civicacmi.com/BellefontaineMC/Court/","https://www.ci.bellefontaine.oh.us/page/municipal-court"
"Logan","Logan County Court of Common Pleas, General Division","https://eservices.logancountycourts.com/eservices/home.page.2","https://www.logancountyohio.gov/common-pleas-court.html"
"Logan","Logan County Court of Common Pleas, Domestic Relations Division","https://eservices.logancountycourts.com/eservices/home.page.2","https://www.logancountyohio.gov/domestic-relations-court.html"
"Logan","Logan County Court of Common Pleas, Juvenile Division","","https://www.logancountyohio.gov/juvenile-court.html"
"Logan","Logan County Court of Common Pleas, Probate Division","https://eservices.logancountycourts.com/eservices/home.page.2","https://www.logancountyohio.gov/probate-court.html"
"Lorain","Avon Lake Municipal Court","https://www.avonlakecourt.com/search.php","http://www.avonlakecourt.com/"
"Lorain","Elyria Municipal Court","https://eservices.elyriamunicourt.org/eservices/home.page.2","http://www.elyriamunicourt.org/"
"Lorain","Lorain County Court of Common Pleas, General Division","https://coc.loraincountyohio.gov/eservices/home.page.2","http://courtofcommonpleas.loraincounty.us/"
"Lorain","Lorain County Court of Common Pleas, Domestic Relations and Juvenile Divisions","https://coc.loraincountyohio.gov/eservices/home.page.2","https://www.lcdrc.org/"
"Lorain","Lorain County Court of Common Pleas, Probate Division","https://probate.loraincounty.com/probate/search.shtml","http://www.loraincounty.com/probate/"
"Lorain","Lorain Municipal Court","https://public.lorainmunicourt.org/Home.aspx/Search","http://www.cityoflorain.org/219/Lorain-Municipal-Court"
"Lorain","Oberlin Municipal Court","https://web1.civicacmi.com/OberlinMC/Court/Default.aspx","http://www.oberlinmunicipalcourt.org/"
"Lucas","Lucas County Court of Common Pleas, Domestic Relations Division","https://portal-ohlucas.tylertech.cloud/portal","http://www.co.lucas.oh.us/index.aspx?nid=163"
"Lucas","Lucas County Court of Common Pleas, General Division","https://portal-ohlucas.tylertech.cloud/portal","https://lucascountycommonpleas.com/"
"Lucas","Lucas County Court of Common Pleas, Juvenile Division","https://portal-ohlucas.tylertech.cloud/portal","http://www.co.lucas.oh.us/index.aspx?nid=204"
"Lucas","Lucas County Court of Common Pleas, Probate Division","https://www.lucasprobate.org/case-access","https://www.lucasprobate.org/"
"Lucas","Maumee Municipal Court","https://mmccaselookup.noris.org/","https://maumee.org/municipal-court/"
"Lucas","Oregon Municipal Court","https://omccaselookup.noris.org/","http://www.oregonmunicipalcourt.us/"
"Lucas","Sylvania Municipal Court","https://courtsvr.sylvaniacourt.com/recordSearch.php?k=searchForm4823","http://www.sylvaniacourt.com/"
"Lucas","Toledo Municipal Court","https://www.tmc-clerk.com/case-information/","https://toledomunicipalcourt.org/"
"Lucas","Toledo Municipal Housing Court","","https://www.toledohousingcourt.org/"
"Madison","Madison County Court of Common Pleas, Probate Division","https://www.madison.oh.gov/departments/court_system/juvenile_probate/index_search.php","https://www.co.madison.oh.us/departments/court_system/juvenile_probate/index.php"
"Madison","Madison County Court of Common Pleas, General & Domestic Relations Divisions","https://www.madison.oh.gov/departments/court_system/clerk_of_courts/records_search.php","https://www.co.madison.oh.us/departments/court_system/common_pleas/index.php"
"Madison","Madison County Court of Common Pleas, Juvenile Division","","https://www.co.madison.oh.us/departments/court_system/juvenile_probate/index.php"
"Madison","Madison County Municipal Court","https://www.co.madison.oh.us/departments/court_system/municipal_court/record_search.php","https://www.co.madison.oh.us/departments/court_system/municipal_court/index.php"
"Mahoning","Campbell Municipal Court","https://campbellmunicipalcourt.com/recordSearch.php?k=searchForm5020","https://campbellmunicipalcourt.com/"
"Mahoning","Mahoning County Court of Common Pleas, Domestic Relations Division","https://ecourts.mahoningcountyoh.gov/eservices/home.page.2","https://www.mahoningcountyoh.gov/699/Domestic-Relations-Court"
"Mahoning","Mahoning County Court of Common Pleas, General Division","https://ecourts.mahoningcountyoh.gov/eservices/home.page.2","http://www.mahoningcountyoh.gov/230/Common-Pleas-Court"
"Mahoning","Mahoning County Court of Common Pleas, Juvenile Division","","http://www.mahoningcountyoh.gov/256/Juvenile-Justice-Court"
"Mahoning","Mahoning County Court of Common Pleas, Probate Division","https://portal-ohmahoning.tylertech.cloud/Portal/","http://probate.mahoningcountyoh.gov/355/Probate-Court"
"Mahoning","Mahoning County Courts","","http://www.mahoningcountyoh.gov/247/Mahoning-County-Courts"
"Mahoning","Struthers Municipal Court","https://strutherscourt.com/searchMC.php","http://www.strutherscourt.com/"
"Mahoning","Youngstown Municipal Court","https://eservices.youngstownmunicourt.com/eservices/home.page.2","http://www.youngstownmunicipalcourt.org/"
"Marion","Marion County Court of Common Pleas, Family Division","https://courtrecords.co.marion.oh.us/eservices/home.page.2","https://www.co.marion.oh.us/elected_offices/common_pleas_court_family_division/index.php"
"Marion","Marion County Court of Common Pleas, General Division","https://courtrecords.co.marion.oh.us/eservices/home.page.2","https://www.co.marion.oh.us/elected_offices/common_pleas_court_general_division/index.php"
"Marion","Marion County Court of Common Pleas, Probate Division","https://courtrecords.co.marion.oh.us/eservices/home.page.2","https://www.co.marion.oh.us/elected_offices/common_pleas_court_family_division/local_court_rules/probate.php"
"Marion","Marion County Municipal Court","https://www.marionmunicipalcourt.org/recordSearch.php?k=searchForm5120","http://www.marionmunicipalcourt.org/"
"Medina","Medina County Court of Common Pleas, Domestic Relations Division","https://portal-ohmedina.tylertech.cloud/Portal/","https://medinadr.org/index.html"
"Medina","Medina County Court of Common Pleas, General Division I","https://portal-ohmedina.tylertech.cloud/Portal/","https://www.medinaco.org/judge-hutson/"
"Medina","Medina County Court of Common Pleas, General Division II","https://portal-ohmedina.tylertech.cloud/Portal/","https://www.medinaco.org/judge-kimbler/"
"Medina","Medina County Court of Common Pleas, Probate & Juvenile Divisions","https://portal-ohmedina.tylertech.cloud/Portal/","https://medinaprobate.org/"
"Medina","Medina Municipal Court","https://benchmark.medinamunicipalcourt.org/Home.aspx/Search?","http://www.medinamunicipalcourt.org/index.php"
"Medina","Wadsworth Municipal Court","https://www.wadsworthcity.com/457/Search-Public-Records","http://www.wadsworthmunicipalcourt.com/"
"Meigs","Meigs County Court of Common Pleas, General Division","https://meigseaccess.com/eservices/home.page.2","https://meigscountyclerkofcourts.com/"
"Meigs","Meigs County Court of Common Pleas, Juvenile Division and Probate Division","https://meigseaccess.com/eservices/home.page.2",""
"Meigs","Meigs County Court","https://meigscountycourt.org/recordSearch.php?k=searchForm5310","https://meigscountycourt.org/"
"Mercer","Celina Municipal Court","https://caselook.celinamunicipalcourt.org/disclaimer/5420","http://celinamunicipalcourt.org/"
"Mercer","Mercer County Court of Common Pleas, Juvenile Division","","https://www.mercercountycourts.com/index.php"
"Mercer","Mercer County Court of Common Pleas, General & Domestic Relations Divisions","https://eservices.mercercountyohiocourts.org/eservices/home.page.2","https://www.mercercountyohio.org/elected-officials/common-pleas-court/"
"Mercer","Mercer County Court of Common Pleas, Probate Division","https://mercercountycourts.com/recordSearch.php?k=searchForm5403","http://www.mercercountycourts.com/index.php"
"Miami","Miami County Court of Common Pleas, General & Domestic Relations Divisions","https://courts.miamicountyohio.gov/eservices/","http://co.miami.oh.us/index.aspx?nid=132"
"Miami","Miami County Court of Common Pleas, Juvenile Division","","http://co.miami.oh.us/index.aspx?nid=133"
"Miami","Miami County Court of Common Pleas, Probate Division","https://probate.miamicountyohio.gov/recordSearch.php?k=searchForm5503","http://www.co.miami.oh.us/index.aspx?NID=135"
"Miami","Miami County Municipal Court","https://courts.miamicountyohio.gov/eservices/","http://co.miami.oh.us/index.aspx?nid=134"
"Monroe","Monroe County Court of Common Pleas, Domestic Relations Division","https://access.monroecountyohio.com/","https://monroecountyohio.com/government/common_pleas_court/domestic_relations.php"
"Monroe","Monroe County Court of Common Pleas, General Division","https://access.monroecountyohio.com/","http://www.monroecountyohio.net/government/clerk_of_courts/common_pleas_court/index.php"
"Monroe","Monroe County Court of Common Pleas, Juvenile Division","","http://www.monroecountyohio.com/government/probate_juvenile_court/index.php"
"Monroe","Monroe County Court of Common Pleas, Probate Division","https://www.monroecountyohio.com/government/probate_juvenile_court/index.php","http://www.monroecountyohio.com/government/probate_juvenile_court/index.php"
"Montgomery","Dayton Municipal Court","https://clerkofcourt.daytonohio.gov/PA/CourtTypes.cfm","http://www.daytonmunicipalcourt.com/"
"Montgomery","Kettering Municipal Court","https://ketteringmunicipalcourt.com/search-public-records/","http://www.ketteringmunicipalcourt.org/"
"Montgomery","Miamisburg Municipal Court","https://caselook.miamisburgcourts.com/disclaimer/5722","https://miamisburgcourts.com/"
"Montgomery","Montgomery County Court of Common Pleas, Domestic Relations Division","https://pro.mcohio.org/","https://drcourt.mcohio.org/"
"Montgomery","Montgomery County Court of Common Pleas, General Division","https://pro.mcohio.org/","http://www.montcourt.oh.gov/"
"Montgomery","Montgomery County Common Pleas Court, Juvenile Division","","http://www.mcjcohio.org/"
"Montgomery","Montgomery County Court of Common Pleas, Probate Division","https://go.mcohio.org/applications/probate/prodcfm/casesearchall.cfm","https://www.mcohio.org/1209/Probate-Court"
"Montgomery","Montgomery County Municipal Court Eastern Division","https://pro.mcohio.org/","https://www.mccountycourts.org/Default.cshtml?Division=East"
"Montgomery","Montgomery County Municipal Court Western Division","https://pro.mcohio.org/","https://www.mccountycourts.org/Default.cshtml?Division=West"
"Montgomery","Oakwood Municipal Court","https://court.oakwoodohio.gov/recordSearch.php?k=searchForm5723","https://court.oakwoodohio.gov/"
"Montgomery","Vandalia Municipal Court","https://docket.vandaliaohio.org/","http://www.vandaliacourt.com/"
"Morgan","Morgan County Court of Common Pleas, General and Domestic Relations Divisions","https://cpccourtview.morgancountyohio.gov/eservices/home.page.2","https://www.morgancounty-oh.gov/commonpleascourt.html"
"Morgan","Morgan County Court of Common Pleas, Juvenile Division","","https://www.morgancounty-oh.gov/commonpleascourt.html"
"Morgan","Morgan County Court of Common Pleas, Probate Division","https://cpccourtview.morgancountyohio.gov/eservices/home.page.2","https://www.morgancounty-oh.gov/commonpleascourt.html"
"Morgan","Morgan County Court","https://countycourtview.morgancountyohio.gov/eservices/home.page.2","https://www.morgancounty-oh.gov/countycourt.html"
"Morrow","Morrow County Court of Common Pleas, Domestic Relations Division","https://clerkofcourts.morrowcountyohio.gov/eservices/home.page.2","https://morrowcountyohio.gov/government/county_elected_officials/common_pleas_court/domestic_relations_division.php"
"Morrow","Morrow County Court of Common Pleas, General Division","https://clerkofcourts.morrowcountyohio.gov/eservices/home.page.2","https://morrowcountyohio.gov/government/common_pleas_court/index.php"
"Morrow","Morrow County Court of Common Pleas, Juvenile Division","","https://morrowcountyohio.gov/government/county_elected_officials/common_pleas_court/juvenile_division.php"
"Morrow","Morrow County Court of Common Pleas, Probate Division","https://clerkofcourts.morrowcountyohio.gov/eservices/home.page.2","https://morrowcountyohio.gov/government/county_elected_officials/common_pleas_court/probate_division.php"
"Morrow","Morrow County Municipal Court","https://www.morrowcountymunict.org/index.php","http://www.morrowcountymunict.org/"
"Muskingum","Muskingum County Court","https://caselook.muskingumcountycourt.org/disclaimer/6010","http://www.muskingumcountycourt.org/"
"Muskingum","Muskingum County Court of Common Pleas, Domestic Relations Division","https://clerkofcourts.muskingumcounty.org/eservices/home.page.2","https://www.muskingumcountyoh.gov/Courts/Domestic-Relations/"
"Muskingum","Muskingum County Court of Common Pleas, General Division","https://clerkofcourts.muskingumcounty.org/eservices/home.page.2","https://www.muskingumcountyoh.gov/Courts/Clerk-Of-Courts/"
"Muskingum","Muskingum County Court of Common Pleas, Juvenile Division","","https://www.muskingumcountyoh.gov/Courts/Juvenile/"
"Muskingum","Muskingum County Court of Common Pleas, Probate Division","http://74.219.84.227:8022/recordSearch.php?searchForm=6003","https://www.muskingumcountyoh.gov/Courts/Probate/"
"Muskingum","Zanesville Municipal Court","https://caselook.zanesvillemunicipalcourt.org/disclaimer/6020","https://zanesvillemunicipalcourt.org/"
"Noble","Noble County Court","https://caselook.noblecc.org/disclaimer/6110","https://noblecc.org/"
"Noble","Noble County Court of Common Pleas, General Division","https://noblecommonpleas.org/recordSearch.php","http://noblecommonpleas.org/index.php"
"Noble","Noble County Court of Common Pleas, Juvenile Division","",""
"Noble","Noble County Court of Common Pleas, Probate Division","",""
"Ottawa","Ottawa County Court of Common Pleas, Domestic Relations & General Divisions","http://commonpleas.co.ottawa.oh.us/BenchmarkWeb-Live/Home.aspx/Search","http://www.ottawacocpcourt.com/"
"Ottawa","Ottawa County Court of Common Pleas, Juvenile Division","","https://www.ocpjcourt.com/index.php"
"Ottawa","Ottawa County Court of Common Pleas, Probate Division","https://www.ocpjcourt.com/searchSelect.php","https://www.ocpjcourt.com/index.php"
"Ottawa","Ottawa County Municipal Court","https://www.ottawacountymunicipalcourt.com/search.php","http://www.ottawacountymunicipalcourt.com/"
"Paulding","Paulding County Municipal Court","http://www.pauldingcountycourt.com/recordSearch.php?k=searchForm6310","http://www.pauldingcountycourt.com/"
"Paulding","Paulding County Court of Common Pleas, General & Domestic Relations Divisions","http://www.pauldingcommonpleas.com/eservices/home.page.2","http://www.pauldingcommonpleas.com/"
"Paulding","Paulding County Court of Common Pleas, Juvenile Division","","https://www.pauldingjuvenilecourt.com/juvenile-court/"
"Paulding","Paulding County Court of Common Pleas, Probate Division","http://199.38.204.230/recordSearch.php?k=searchForm6303","https://www.pauldingjuvenilecourt.com/probate-court/"
"Perry","Perry County Court of Common Pleas, General & Domestic Relations Divisions","https://pccommonpleas.com/recordSearch.php","https://www.perrycountycourt.com/CommonPleasCourt/home/"
"Perry","Perry County Court of Common Pleas, Juvenile Division","","https://www.perrycountycourt.com/JuvenileCourt/home/"
"Perry","Perry County Court of Common Pleas, Probate Division","https://www.perrycountycourt.com/recordSearch.php?k=searchForm6403","https://www.perrycountycourt.com/ProbateCourt/home/"
"Perry","Perry County Municipal Court","https://www.perrycountycourt.com/recordSearch.php","http://www.perrycountycourt.com/MunicipalCourt/home/"
"Pickaway","Circleville Municipal Court","https://onlinedocket.circlevillecourt.com/","http://www.circlevillecourt.com/"
"Pickaway","Pickaway County Court of Common Pleas, General & Domestic Relations Divisions","https://eservices.pickawaycountycourts.com/eservices/home.page.2","http://www.pickaway.org/offices/common-pleas/index.html"
"Pickaway","Pickaway County Court of Common Pleas, Juvenile Division","","http://www.pickawaypjcourt.com/"
"Pickaway","Pickaway County Court of Common Pleas, Probate Division","https://caselook.pickawaypjcourt.com/disclaimer/6503","https://www.pickawaypjcourt.com/"
"Pike","Pike County Court of Common Pleas, General & Domestic Relations Divisions","https://cpcourt.pikecounty.oh.gov/eservices/home.page.2",""
"Pike","Pike County Court of Common Pleas, Juvenile Division","","http://www.pikecountypjcourt.com/juvMain.php"
"Pike","Pike County Court of Common Pleas, Probate Division","http://www.pikecountypjcourt.com/recordSearch.php?k=searchForm6603","http://www.pikecountypjcourt.com/prbMain.php"
"Pike","Pike County Court","https://www.pikecountycourt.org/recordSearch.php?k=searchForm6610","http://www.pikecountycourt.org/index.shtml"
"Portage","Portage County Court of Common Pleas, Domestic Relations Division","https://services.portageco.com/eservices/home.page.2","https://www.portagecounty-oh.gov/portage-county-domestic-relations-court"
"Portage","Portage County Court of Common Pleas, General Division","https://services.portageco.com/eservices/home.page.2","https://www.portagecounty-oh.gov/common-pleas-court"
"Portage","Portage County Court of Common Pleas, Juvenile Division","","https://www.co.portage.oh.us/juvenileprobate-court"
"Portage","Portage County Court of Common Pleas, Probate Division","https://services.portageco.com/eservices/home.page.2","https://www.co.portage.oh.us/juvenileprobate-court"
"Portage","Portage County Municipal Court","https://services.portageco.com/eservices/home.page.2","https://www.portagecounty-oh.gov/municipal-court"
"Preble","Eaton Municipal Court","https://www.eatonmunicipalcourt.com/recordSearch.php?k=searchForm6820","http://www.eatonmunicipalcourt.com/"
"Preble","Preble County Court of Common Pleas, General Division","https://pa.preblecountyohio.net/eservices/home.page.2","https://www.preblecountyohio.net/"
"Preble","Preble County Court of Common Pleas Juvenile Division","","https://prebleohiojuvenileprobate.org/"
"Preble","Preble County Court of Common Pleas Probate Division","","https://prebleohiojuvenileprobate.org/"
"Preble","Preble County Court of Common Pleas, Domestic Relations Division","https://pa.preblecountyohio.net/eservices/home.page.2","https://www.preblecountyohio.net/"
"Putnam","Putnam County Court of Common Pleas","https://common.putnamcountycourtsohio.com/eservices/home.page.2","https://putnamcountyohio.gov/common-pleas-court/"
"Putnam","Putnam County Municipal Court","https://muni.putnamcountycourtsohio.com/eservices/home.page.2","https://putnamcountyohio.gov/municipal-court/"
"Richland","Mansfield Municipal Court","https://benchmark.mansfieldcity.com/BenchmarkWeb/Home.aspx/Search","https://mansfieldcourts.com/"
"Richland","Richland County Court of Common Pleas, Domestic Relations Division","https://eservices.richlandcountycpcourt.org/eservices/home.page.2","https://www.richlandcountyoh.gov/departments/domesticrelations"
"Richland","Richland County Court of Common Pleas, General Division","https://eservices.richlandcountycpcourt.org/eservices/home.page.2","http://www.richlandcourtsoh.us/"
"Richland","Richland County Court of Common Pleas, Juvenile Division","","https://www.rcjcoh.org/"
"Richland","Richland County Court of Common Pleas, Probate Division","https://probatecourt.richlandcountyoh.gov/","https://www.richlandcountyoh.gov/departments/probatecourt"
"Richland","Shelby Municipal Court","https://shelbycourt.org/recordSearch.php?k=searchForm7021","https://shelbycourt.org/"
"Ross","Chillicothe Municipal Court","https://public.chillicothemunicipalcourt.org/recordSearch.php","http://www.chillicothemunicipalcourt.org/"
"Ross","Ross County Court of Common Pleas, General Division","https://eaccess.co.ross.oh.us/eservices/home.page.2","http://www.rosscountycommonpleas.org/index.html"
"Ross","Ross County Court of Common Pleas, Juvenile Division","","http://www.rossprobatejuvenile.com/Juvenile.htm"
"Ross","Ross County Court of Common Pleas, Probate Division","https://eaccess.co.ross.oh.us/eservices/home.page.2","http://www.rossprobatejuvenile.com/Probate.htm"
"Sandusky","Bellevue Municipal Court","","https://www.villageofbellevuewi.gov/government/municipal_court"
"Sandusky","Fremont Municipal Court","https://www.fremontmunicipalcourt.org/recordSearch.php","http://www.fremontmunicipalcourt.org/"
"Sandusky","Sandusky County Court of Common Pleas, General and Domestic Relations Division","https://sandusky-county.org/clerk/21_record_search/search3.php","https://sccommonpleas.com/"
"Sandusky","Sandusky County Court of Common Pleas, Juvenile Division","","https://sanduskycountyjuvenilecourt.com/index.php"
"Sandusky","Sandusky County County Court","https://www.sanduskymunicipalcourt.org/recordSearch.php?k=searchForm2220","https://sanduskycountycourt.org/index.php"
"Sandusky","Sandusky County Court of Common Pleas, Probate Division","https://sanduskycountyprobatecourt.com/case.php","https://sanduskycountyprobatecourt.com/"
"Scioto","Scioto County Court of Common Pleas, Domestic Relations Division","https://www.sciotocountycpcourt.org/eservices/home.page.2","https://sciotocountydrcourt.com/"
"Scioto","Scioto County Court of Common Pleas, General Division","https://www.sciotocountycpcourt.org/eservices/home.page.2","http://sciotocountycourtofcommonpleas.org/"
"Scioto","Scioto County Court of Common Pleas, Juvenile Division","","https://www.sciotocountycourt.com/scioto-county-juvenile-court"
"Scioto","Scioto County Court of Common Pleas, Probate Division","https://sciotocountycpcourt.org/eservices/home.page.2","https://www.sciotocountycourt.com/scioto-county-probate-court"
"Scioto","Portsmouth Municipal Court","https://caselook.pmcourt.org/disclaimer/7320","https://www.pmcourt.org/"
"Seneca","Seneca County Court of Common Pleas","https://senecacountyclerk.org/recordSearch.php?k=searchForm7404","http://www.senecacocourts.org/"
"Seneca","Seneca County Court of Common Pleas, Juvenile Division","","http://www.senecajpcourt.com/"
"Seneca","Seneca County Court of Common Pleas, Probate Division","https://www.senecajpcourt.com/recordSearch.php?k=searchForm7403","http://www.senecajpcourt.com/"
"Seneca","Tiffin-Fostoria Municipal Court","https://tiffinfostoriamunicipalcourt.org/recordSearch.php?k=searchForm7421","http://tiffinfostoriamunicipalcourt.org/"
"Shelby","Shelby County Court of Common Pleas, Domestic Division","https://search.shelbyco.net/eservices/home.page.2","https://www.co.shelby.oh.us/235/Domestic-Division"
"Shelby","Shelby County Court of Common Pleas, General Division","https://search.shelbyco.net/eservices/home.page.2","https://www.co.shelby.oh.us/238/General-Division"
"Shelby","Shelby County Court of Common Pleas, Juvenile Division","","https://www.co.shelby.oh.us/271/Juvenile-Court"
"Shelby","Shelby County Court of Common Pleas, Probate Division","https://shelbycoprobate.org/e-services-records-search/","http://www.shelbycoprobate.org/"
"Shelby","Sidney Municipal Court","https://search.shelbyco.net/eservices/home.page.2","https://www.sidneyoh.com/329/Municipal-Court"
"Stark","Alliance Municipal Court","https://www.starkcjis.org/","https://www.allianceclerk.org/"
"Stark","Canton Municipal Court","https://www.starkcjis.org/","http://www.cantoncourt.org/"
"Stark","Massillon Municipal Court","https://www.starkcjis.org/","http://www.massilloncourt.org/"
"Stark","Stark County Court of Common Pleas, General Division","https://www.starkcjis.org/","http://www.starkcountyohio.gov/common-pleas"
"Stark","Stark County Court of Common Pleas, Probate Division","http://www.probate.co.stark.oh.us/search/search.html","https://www.starkcountyohio.gov/government/legal___judicial/probate_court/index.php"
"Stark","Stark County Family Court","","http://www.starkcountyohio.gov/family-court"
"Summit","Akron Municipal Court","https://portal-ohakron.tylertech.cloud/Portal","https://www.akronmunicipalcourt.org/"
"Summit","Barberton Municipal Court","https://caselook.barbertonclerkofcourt.com/disclaimer/7721","http://www.cityofbarberton.com/217/Municipal-Court"
"Summit","Stow Municipal Court","https://eservices.stowmunicourt.com/eservices/home.page.2","http://www.stowmunicourt.com/"
"Summit","Summit County Court of Common Pleas, Domestic Relations Division","https://clerk.summitoh.net/RecordsSearch/Disclaimer.asp?toPage=SelectDivision.asp","http://www.drcourt.org/"
"Summit","Summit County Court of Common Pleas, General Division","https://clerk.summitoh.net/RecordsSearch/Disclaimer.asp?toPage=SelectDivision.asp","http://www.summitcpcourt.net/"
"Summit","Summit County Court of Common Pleas, Juvenile Division","","https://juvenilecourt.summitoh.net/"
"Summit","Summit County Court of Common Pleas, Probate Division","https://search.summitohioprobate.com/eservices/home.page.2","https://summitohioprobate.com/"
"Trumbull","Girard Municipal Court","https://eservices.girardmunicipalcourt.com/eservices/home.page.2","http://www.girardmunicipalcourt.com/"
"Trumbull","Newton Falls Municipal Court","https://newtonfallscourt.com/Search/","http://newtonfallscourt.com/"
"Trumbull","Niles Municipal Court","https://www.nilesmunicipalcourt.com/recordSearch.php?searchForm=7822","http://www.nilesmunicipalcourt.com/"
"Trumbull","Trumbull County Court Central District","https://www.co.trumbull.oh.us/CentralCourt/cd_recsearch.html","http://www.centralcourt.co.trumbull.oh.us/"
"Trumbull","Trumbull County Court Eastern District","https://courts.co.trumbull.oh.us/eservices_east/home.page.2","http://www.easterncourt.co.trumbull.oh.us/"
"Trumbull","Trumbull County Court of Common Pleas, General Division","https://courts.co.trumbull.oh.us/eservices/home.page.2","http://commonpleas.co.trumbull.oh.us/"
"Trumbull","Trumbull County Court of Common Pleas, Probate Division","https://eservices.trumbullprobate.org/probate/home.page.2","http://www.trumbullprobate.org/"
"Trumbull","Trumbull County Family Court","","http://familycourt.co.trumbull.oh.us/"
"Trumbull","Warren Municipal Court","https://benchmark.warrenmuni.us/BenchmarkWeb/Home.aspx/Search","https://www.warren.org/municipal_court/index.php"
"Tuscarawas","New Philadelphia Municipal Court","https://www.npmunicipalcourt.org/recordSearch.php","http://www.npmunicipalcourt.org/"
"Tuscarawas","Tuscarawas County Court of Common Pleas, General Trial Division","https://eservices.tuscarawasohcourts.com/eservices/home.page.2","https://www.co.tuscarawas.oh.us/government/court_of_common_pleas_court_general_division/index.php"
"Tuscarawas","Tuscarawas County Court of Common Pleas, Juvenile Division","","https://www.co.tuscarawas.oh.us/government/court_of_common_pleas_juvenile_division/index.php"
"Tuscarawas","Tuscarawas County Court of Common Pleas, Probate Division","https://eservices.tuscarawasohcourts.com/eservices/home.page.2","https://www.co.tuscarawas.oh.us/government/court_of_common_pleas_probate_division/index.php"
"Tuscarawas","Tuscarawas County Court Southern District","http://records.tusccourtsouthern.com/","http://www.tusccourtsouthern.com/"
"Union","Marysville Municipal Court","https://court.marysvilleohio.org/recordSearch.php","http://municourt.co.union.oh.us/"
"Union","Union County Court of Common Pleas, Domestic Relations Division","https://eservices.co.union.oh.us/eservices/home.page.2","https://www.unioncountyohio.gov/domestic-relations"
"Union","Union County Court of Common Pleas, General Division","https://eservices.co.union.oh.us/eservices/home.page.2","http://www.co.union.oh.us/CommonPleasCourt/"
"Union","Union County Court of Common Pleas, Juvenile Division","https://eservices.co.union.oh.us/eservices/home.page.2","https://www.unioncountyohio.gov/Probate_Juvenile_Court"
"Union","Union County Court of Common Pleas, Probate Division","https://eservices.co.union.oh.us/eservices/home.page.2","https://www.unioncountyohio.gov/Probate_Juvenile_Court"
"Van Wert","Van Wert County Court of Common Pleas, General & Domestic Relations Divisions","https://eservices.vanwertcountyohio.gov/eservices/home.page.2","http://www.vwcommonpleas.org/"
"Van Wert","Van Wert County Court of Common Pleas, Juvenile Division","","https://www.vanwertcountyohio.gov/government/courts/probate_and_juvenile_court/index.php"
"Van Wert","Van Wert County Court of Common Pleas, Probate Division","https://vwprobjuvcourt.com/recordSearch.php?k=searchForm8103","https://www.vanwertcountyohio.gov/government/courts/probate_and_juvenile_court/index.php"
"Van Wert","Van Wert Municipal Court","https://www.vwmc.org/recordSearch.php","http://www.vwmc.org/"
"Vinton","Vinton County Court","https://caselook.vintoncountycourt.com/disclaimer/8210","https://www.vintoncountycourt.com/index.php"
"Vinton","Vinton County Court of Common Pleas, General & Domestic Relations Divisions","https://eservices.vintoncountycpcourt.org/eservices/home.page.2","http://www.vintoncounty.com/courthouse-history.html"
"Vinton","Vinton County Court of Common Pleas, Juvenile Division","",""
"Vinton","Vinton County Court of Common Pleas, Probate Division","",""
"Warren","Franklin Municipal Court","https://eaccess.franklinohio.org/eservices/home.page.2","http://www.franklinmunicourt.com/"
"Warren","Lebanon Municipal Court","https://caselook.lebanonohio.gov/disclaimer/8321","http://court.lebanonohio.gov/"
"Warren","Mason Municipal Court","https://caselook.masonmunicipalcourt.org/disclaimer/8322","http://www.masonmunicipalcourt.org/"
"Warren","Warren County Court","https://countycourt.co.warren.oh.us/BenchmarkCounty/Home.aspx/Search","https://www.warrencountyohio.gov/CountyCourt/"
"Warren","Warren County Court of Common Pleas, Domestic Relations Division","https://clerkofcourt.co.warren.oh.us/BenchmarkCP/Home.aspx/Search","http://www.co.warren.oh.us/domestic_relations_court/"
"Warren","Warren County Court of Common Pleas, General Division","https://clerkofcourt.co.warren.oh.us/BenchmarkCP/Home.aspx/Search","http://www.co.warren.oh.us/commonpleas/default.aspx"
"Warren","Warren County Court of Common Pleas, Juvenile Division","","https://www.warrencountyohio.gov/Probate_Juvenile/"
"Warren","Warren County Court of Common Pleas, Probate Division","","https://www.warrencountyohio.gov/Probate_Juvenile/"
"Washington","Marietta Municipal Court","https://www.mariettacourt.com/recordSearch.php","http://www.mariettacourt.com/"
"Washington","Washington County Court of Common Pleas, General & Domestic Relations Divisions","https://cveaccess.washingtongov.org/eservices/home.page.2","https://www.washingtongov.org/269/Common-Pleas-Court---General-Division"
"Washington","Washington County Court of Common Pleas, Juvenile Division","","https://www.washingtongov.org/306/Common-Pleas-Court---Juvenile-Division"
"Washington","Washington County Court of Common Pleas, Probate Division","","http://www.washingtongov.org/probate"
"Wayne","Wayne County Court of Common Pleas, General & Domestic Divisions","https://courtsweb.waynecourts.org/publicaccess/Home.aspx/Search","http://www.waynecourtofcommonpleas.org/"
"Wayne","Wayne County Court of Common Pleas, Juvenile Division","","http://www.wayneprobateandjuvenile.org/"
"Wayne","Wayne County Court of Common Pleas, Probate Division","https://courtsweb.waynecourts.org/BenchmarkWebJuvenile/Home.aspx/Search","http://www.wayneprobateandjuvenile.org/"
"Wayne","Wayne County Municipal Court","https://courtsweb.waynecourts.org/publicaccess/Home.aspx/Search","http://www.waynemunicipalcourt.org/"
"Williams","Bryan Municipal Court","https://www.bryanmunicipalcourt.com/recordSearch.php","https://www.bryanmunicipalcourt.com/"
"Williams","Williams County Court of Common Pleas, General & Domestic Relations Divisions","https://williamscp.mycmssearch.com/mainpage.aspx","http://www.co.williams.oh.us/403/Common-Pleas-Court"
"Williams","Williams County Court of Common Pleas, Juvenile Division","","http://www.co.williams.oh.us/475/Juvenile-Court"
"Williams","Williams County Court of Common Pleas, Probate Division","https://williamscp.mycmssearch.com/mainpage.aspx","https://www.williamscountyoh.gov/475/Juvenile-Probate-Divisions"
"Wood","Bowling Green Municipal Court","https://govrec.com/home/bowlinggreencioh","http://www.bgcourt.org/"
"Wood","Perrysburg Municipal Court","https://www.perrysburgcourt.com/search.php","http://www.perrysburgcourt.com/index.php"
"Wood","Wood County Court of Common Pleas, Domestic Relations Division","https://pub.clerkofcourt.co.wood.oh.us/eservices/home.page.2","https://www.courtofcommonpleas.woodcountyohio.gov/35/Domestic-Relations-Court"
"Wood","Wood County Court of Common Pleas, General Division","https://pub.clerkofcourt.co.wood.oh.us/eservices/home.page.2","https://www.courtofcommonpleas.woodcountyohio.gov/"
"Wood","Wood County Court of Common Pleas, Juvenile Division","","https://www.co.wood.oh.us/juvenilecourt/"
"Wood","Wood County Court of Common Pleas, Probate Division","https://search.co.wood.oh.us/","http://www.probate-court.co.wood.oh.us/"
"Wyandot","Upper Sandusky Municipal Court","https://www.uppermunicourt.com/recordSearch.php?k=searchForm8820","https://www.uppermunicourt.com/"
"Wyandot","Wyandot County Court of Common Pleas General & Domestic Relations Divisions","https://www.wyandotcountyclerk.org/recordSearch.php?k=searchForm8804","https://wyandotcountyclerk.org/"
"Wyandot","Wyandot County Court of Common Pleas Juvenile Division","","http://wyandotjpcourt.com/index.php"
"Wyandot","Wyandot County Court of Common Pleas Probate Division","https://wyandotjpcourt.com/recordSearch.php","http://wyandotjpcourt.com/index.php"
"Wyandot","Court of Claims of Ohio","https://portal-ohcoc.tylertech.cloud/portal","https://ohiocourtofclaims.gov/"
